artist	title	year	rows	current_id	problem	reason	playlists
(G)I-DLE	Super Lady		1	1801725652	artiste différent : « i-dle » au lieu de « (G)I-DLE » (reprise ?)	seul candidat = l'id actuel, lui-même défectueux (artiste différent : « i-dle » au lieu de « (G)I-DLE » (reprise ?))	K-Pop
(G)I-DLE	TOMBOY	2022	3	1802621240	artiste différent : « i-dle » au lieu de « (G)I-DLE » (reprise ?)	seul candidat = l'id actuel, lui-même défectueux (artiste différent : « i-dle » au lieu de « (G)I-DLE » (reprise ?))	K-Pop, Années 2020 — Hard, Années 2020
1789, les Amants de la Bastille	Ça ira mon amour	2012	1		aucun apple_music_id (titre injouable en Apple)	aucune version standard trouvée (16 résultats, 5 rejetés)	Comédies musicales françaises
2 Frères	La promesse	2019	2	1595744758	artiste différent : « 2Frères » au lieu de « 2 Frères » (reprise ?)	aucune version standard trouvée (25 résultats, 0 rejetés)	Variété FR 2010s — Medium, Variété FR — Années 2010
2Frères	Plus fort		1		aucun apple_music_id (titre injouable en Apple)	aucune version standard trouvée (25 résultats, 0 rejetés)	Québec & Franco
2Pac ft. Dr. Dre	California Love	1995	2	1031604977	artiste différent : « 2Pac » au lieu de « 2Pac ft. Dr. Dre » (reprise ?)	seul candidat = l'id actuel, lui-même défectueux (artiste différent : « 2Pac » au lieu de « 2Pac ft. Dr. Dre » (reprise ?))	Années 90 — Facile, Années 90
3 Cafés Gourmands	À nos souvenirs	2017	2	1410960558	artiste différent : « Trois Cafés Gourmands » au lieu de « 3 Cafés Gourmands » (reprise ?)	aucune version standard trouvée (25 résultats, 2 rejetés)	Variété FR 2010s — Medium, Variété FR — Années 2010
Activate	Save Me		1		aucun apple_music_id (titre injouable en Apple)	aucune version standard trouvée (25 résultats, 3 rejetés)	Eurodance 90s
Akhenaton	La Sentinelle	2002	2		aucun apple_music_id (titre injouable en Apple)	aucune version standard trouvée (9 résultats, 2 rejetés)	Variété FR — Années 2000, Variété FR — Années 2000 — Moyen
Aldebert	Mon papa chevalier	2010	1		aucun apple_music_id (titre injouable en Apple)	aucune version standard trouvée (3 résultats, 0 rejetés)	Enfants — 4 à 8 ans
Anne Sylvestre	Mon âne	1975	1		aucun apple_music_id (titre injouable en Apple)	aucune version standard trouvée (25 résultats, 0 rejetés)	Enfants — 4 à 8 ans
Annie Philippe	Ticket de quai		1	1662993336	version suspecte : « 2023 Remastered Version » (version)	aucune version standard trouvée (7 résultats, 7 rejetés)	Yéyé — Années 60 françaises
Antico	Mistral		1		aucun apple_music_id (titre injouable en Apple)	aucune version standard trouvée (2 résultats, 0 rejetés)	Eurodance 90s
ATC	Around the World	2000	2		aucun apple_music_id (titre injouable en Apple)	aucune version standard trouvée (25 résultats, 1 rejetés)	Été — Piscine & Apéro, Nouvel An — Party & Compte à rebours
Bad Boys Blue	You're a Woman		1	1294964095	version suspecte : « Split Mirrors Remix » (remix)	aucune version standard trouvée (25 résultats, 5 rejetés)	Italo Disco Classics
Baek Yerin	Square		1	1533444821	artiste différent : « 4Keus » au lieu de « Baek Yerin » (reprise ?)	aucune version standard trouvée (25 résultats, 0 rejetés)	K-Pop
Bénabar	Effets secondaires	2014	2		aucun apple_music_id (titre injouable en Apple)	aucun résultat Apple	Variété FR — Années 2010, Variété FR Années 2010 — Hard
Bénabar	Pour la peine	2016	2		aucun apple_music_id (titre injouable en Apple)	aucune version standard trouvée (25 résultats, 4 rejetés)	Variété FR Années 2010 — Hard, Variété FR — Années 2010
Bénabar	Salaud	2003	2		aucun apple_music_id (titre injouable en Apple)	aucune version standard trouvée (6 résultats, 1 rejetés)	Variété FR — Années 2000 — Moyen, Variété FR — Années 2000
Bénabar	Tomber dans ses bras	2014	1		aucun apple_music_id (titre injouable en Apple)	aucun résultat Apple	Variété FR 2010s — Mix
Beyoncé & Jay-Z	Crazy in Love	2003	1	250776858	artiste différent : « Beyoncé » au lieu de « Beyoncé & Jay-Z » (reprise ?)	seul candidat = l'id actuel, lui-même défectueux (artiste différent : « Beyoncé » au lieu de « Beyoncé & Jay-Z » (reprise ?))	Duos cultes
Beyoncé feat. Jay-Z	Crazy in Love	2003	1	250776858	artiste différent : « Beyoncé » au lieu de « Beyoncé feat. Jay-Z » (reprise ?)	seul candidat = l'id actuel, lui-même défectueux (artiste différent : « Beyoncé » au lieu de « Beyoncé feat. Jay-Z » (reprise ?))	Soul & R&B
Beyoncé ft. Jay-Z	Crazy in Love	2003	3	250776858	artiste différent : « Beyoncé » au lieu de « Beyoncé ft. Jay-Z » (reprise ?)	seul candidat = l'id actuel, lui-même défectueux (artiste différent : « Beyoncé » au lieu de « Beyoncé ft. Jay-Z » (reprise ?))	Tubes de l'été — 2005 à 2019, Anniversaire, Nouvel An — Party & Compte à rebours
Bob Andy	I've Got to Go Back Home		1	1665885319	artiste différent : « Beres Hammond » au lieu de « Bob Andy » (reprise ?)	aucune version standard trouvée (25 résultats, 2 rejetés)	Reggae & Bob Marley
Bobby Pickett	Monster Mash	1962	1	82125202	artiste différent : « Bobby "Boris" Pickett » au lieu de « Bobby Pickett » (reprise ?)	aucune version standard trouvée (25 résultats, 2 rejetés)	Halloween — Nuit Frissons
Boy	Soleils Cou Coupés	2009	1		aucun apple_music_id (titre injouable en Apple)	aucune version standard trouvée (25 résultats, 1 rejetés)	Variété FR — Années 2000 — Mix
Brenda Lee	Rockin' Around the Christmas Tree	1958	1	1442732095	artiste différent : « Roy M » au lieu de « Brenda Lee » (reprise ?)	aucune version standard trouvée (25 résultats, 8 rejetés)	Noël
Bruno Mars	Uptown Funk		3		aucun apple_music_id (titre injouable en Apple)	aucune version standard trouvée (25 résultats, 4 rejetés)	Années 2010, Le Sample, Disco & Funk
Cali	Pas le temps de vivre	2003	2		aucun apple_music_id (titre injouable en Apple)	aucune version standard trouvée (25 résultats, 0 rejetés)	Variété FR — Années 2000 — Moyen, Variété FR — Années 2000
Calogero	Cinquième saison	2014	2		aucun apple_music_id (titre injouable en Apple)	aucun résultat Apple	Variété FR — Années 2010, Variété FR 2010s — Easy
Calogero	La marche du président	2017	2		aucun apple_music_id (titre injouable en Apple)	aucune version standard trouvée (1 résultats, 0 rejetés)	Variété FR Années 2010 — Hard, Variété FR — Années 2010
Calvin Harris ft. Rihanna	This Is What You Came For	2016	5	1761396653	artiste différent : « Calvin Harris & Rihanna » au lieu de « Calvin Harris ft. Rihanna » (reprise ?)	aucune version standard trouvée (25 résultats, 10 rejetés)	Années 2010 — Facile, Nouvel An — Party & Compte à rebours, Années 2010 — Mix, Années 2010, Electro & EDM
Cats	Memory		1	201292829	artiste différent : « Barbra Streisand » au lieu de « Cats » (reprise ?)	aucune version standard trouvée (25 résultats, 1 rejetés)	Comédies musicales US
Chastain	The King of the World		1		aucun apple_music_id (titre injouable en Apple)	aucune version standard trouvée (7 résultats, 2 rejetés)	Hard Rock 80s
Cheb Bilal	Yamina		1		aucun apple_music_id (titre injouable en Apple)	aucune version standard trouvée (25 résultats, 0 rejetés)	Raï & Oriental
Chicago Cast	Cell Block Tango	2002	1	197901373	artiste différent : « Catherine Zeta-Jones, Susan Misner, Deidre Goodwin, Denise Faye, Ekaterina Chtchelkanova, Mya Harrison & Taye Diggs » au lieu de « Chicago Cast » (reprise ?)	aucune version standard trouvée (25 résultats, 10 rejetés)	Comédies musicales US
Chimène Badi	Cassandre	2018	1		aucun apple_music_id (titre injouable en Apple)	aucun résultat Apple	Variété FR 2010s — Mix
Christina Aguilera, Lil' Kim, Mýa & Pink	Lady Marmalade	2001	2	1440845801	artiste différent : « Christina Aguilera, Lil' Kim, Mýa & P!nk » au lieu de « Christina Aguilera, Lil' Kim, Mýa & Pink » (reprise ?)	aucune version standard trouvée (25 résultats, 5 rejetés)	Duos cultes, Karaoké — Soirée Classiques
Collectif Métissé	Laisse-toi aller bébé		1	1444443000	version suspecte : « Radio Mix » (mix)	aucune version standard trouvée (25 résultats, 21 rejetés)	Tubes de l'été
Comptine	Compère, qu'as-tu vu ?		1	1799135253	artiste différent : « Baby Petons » au lieu de « Comptine » (reprise ?)	aucune version standard trouvée (12 résultats, 3 rejetés)	Enfants — 4 à 8 ans
Comptine	Nous n'irons plus au bois		1	1614257225	artiste différent : « La Compagnie Créole » au lieu de « Comptine » (reprise ?)	aucune version standard trouvée (25 résultats, 0 rejetés)	Enfants — 4 à 8 ans
Comptine	V'là l'bon vent		1	693551039	artiste différent : « Sandrine Conry » au lieu de « Comptine » (reprise ?)	aucune version standard trouvée (18 résultats, 2 rejetés)	Enfants — 4 à 8 ans
Comptine	Vent frais, vent du matin		1	1777515791	artiste différent : « Croc et Pat » au lieu de « Comptine » (reprise ?)	aucune version standard trouvée (25 résultats, 3 rejetés)	Enfants — 4 à 8 ans
Cotton Eye Joe	Rednex		1		aucun apple_music_id (titre injouable en Apple)	aucune version standard trouvée (25 résultats, 11 rejetés)	Country
Daði og Gagnamagnið	Think About Things	2020	1	1506183849	artiste différent : « Daði Freyr » au lieu de « Daði og Gagnamagnið » (reprise ?)	aucune version standard trouvée (1 résultats, 1 rejetés)	Eurovision — Vainqueurs cultes
Damien Saez	J'accuse	2010	1	361390934	artiste différent : « Saez » au lieu de « Damien Saez » (reprise ?)	seul candidat = l'id actuel, lui-même défectueux (artiste différent : « Saez » au lieu de « Damien Saez » (reprise ?))	Variété FR 2010s — Mix
Daniel Balavoine & France Gall	Tous les cris les SOS		1		aucun apple_music_id (titre injouable en Apple)	aucune version standard trouvée (10 résultats, 6 rejetés)	Duos cultes
David Bowie & Bing Crosby	Peace on Earth / Little Drummer Boy	1977	1	1705148001	artiste différent : « Bing Crosby & David Bowie » au lieu de « David Bowie & Bing Crosby » (reprise ?)	aucune version standard trouvée (25 résultats, 5 rejetés)	Noël
David Guetta ft. Sia	Titanium	2011	4	1688194114	artiste différent : « David Guetta » au lieu de « David Guetta ft. Sia » (reprise ?)	seul candidat = l'id actuel, lui-même défectueux (artiste différent : « David Guetta » au lieu de « David Guetta ft. Sia » (reprise ?))	Années 2010 — Facile, Années 2010 — Mix, Nouvel An — Party & Compte à rebours, Années 2010
Dee-Lite	Groove Is in the Heart		1	72784339	artiste différent : « Deee-Lite » au lieu de « Dee-Lite » (reprise ?)	aucune version standard trouvée (25 résultats, 4 rejetés)	Un seul tube
Dennis & MC Kevinho	Tá OK		1	1684548976	artiste différent : « DENNIS & MC Kevin O Chris » au lieu de « Dennis & MC Kevinho » (reprise ?)	aucune version standard trouvée (18 résultats, 4 rejetés)	Brésil
Derek and the Dominos	Layla	1970	2	1440663520	artiste différent : « Derek & The Dominos » au lieu de « Derek and the Dominos » (reprise ?)	aucune version standard trouvée (25 résultats, 13 rejetés)	Années 70 — Mix, Intros légendaires
Diam's & Tunisiano	Mauvaise foi nocturne	2003	2		aucun apple_music_id (titre injouable en Apple)	aucune version standard trouvée (19 résultats, 0 rejetés)	Variété FR — Années 2000 — Difficile, Variété FR — Années 2000
Disiz la Peste	J'pète les plombs		1	1443997358	artiste différent : « disiz » au lieu de « Disiz la Peste » (reprise ?)	seul candidat = l'id actuel, lui-même défectueux (artiste différent : « disiz » au lieu de « Disiz la Peste » (reprise ?))	Rap FR culte
Dixie Chicks	Goodbye Earl	2000	1	309893745	artiste différent : « The Chicks » au lieu de « Dixie Chicks » (reprise ?)	aucune version standard trouvée (25 résultats, 5 rejetés)	Country
Doc Gynéco & Vitaa	Comme avant	2007	1		aucun apple_music_id (titre injouable en Apple)	aucune version standard trouvée (5 résultats, 0 rejetés)	Variété FR — Années 2000 — Mix
Doja Cat & SZA	Kiss Me More	2021	1	1571169440	artiste différent : « Doja Cat » au lieu de « Doja Cat & SZA » (reprise ?)	seul candidat = l'id actuel, lui-même défectueux (artiste différent : « Doja Cat » au lieu de « Doja Cat & SZA » (reprise ?))	Années 2020 — Mix
Doja Cat ft. SZA	Kiss Me More	2021	3	1574004703	artiste différent : « Doja Cat » au lieu de « Doja Cat ft. SZA » (reprise ?)	seul candidat = l'id actuel, lui-même défectueux (artiste différent : « Doja Cat » au lieu de « Doja Cat ft. SZA » (reprise ?))	Années 2020 — Easy, Années 2020, Années 2020 — Hard
Dolly	Mascara	1996	1		aucun apple_music_id (titre injouable en Apple)	aucune version standard trouvée (25 résultats, 0 rejetés)	Variété FR — Années 90 — Mix
Dynamic Duo	Ring My Bell		1	1688124640	artiste différent : « Dynamicduo » au lieu de « Dynamic Duo » (reprise ?)	aucune version standard trouvée (25 résultats, 9 rejetés)	K-Pop
E-Type	Set the World on Fire		1	1444276360	version suspecte : « 7" Version » (version)	aucune version standard trouvée (25 résultats, 10 rejetés)	Eurodance 90s
Ed Sheeran ft. Vianney	Pages blanches	2017	1		aucun apple_music_id (titre injouable en Apple)	aucune version standard trouvée (1 résultats, 0 rejetés)	Variété FR 2010s — Mix
Edward Sharpe & The Magnetic Zeros	Home	2010	1	1759968498	artiste différent : « Edward Sharpe and the Magnetic Zeros » au lieu de « Edward Sharpe & The Magnetic Zeros » (reprise ?)	aucune version standard trouvée (25 résultats, 8 rejetés)	Apéro & Afterwork
Enrique Iglesias	Bailando	2014	6	1444324492	version suspecte : « Kizzo Remix » (remix)	aucune version standard trouvée (25 résultats, 15 rejetés)	Tubes de l'été, Latino, Été — Piscine & Apéro, Latino Fiesta, Nouvel An — Party & Compte à rebours, Apéro & Afterwork
Ensemble Solidarité Sida	Sa raison d'être	1998	1		aucun apple_music_id (titre injouable en Apple)	aucune version standard trouvée (15 résultats, 0 rejetés)	Variété FR — Années 90 — Mix
Evelyn King	Shame		1	1552096469	artiste différent : « Evelyn "Champagne" King » au lieu de « Evelyn King » (reprise ?)	aucune version standard trouvée (25 résultats, 6 rejetés)	Disco dancefloor
Fedez & Mara Sattei	Mille		1		aucun apple_music_id (titre injouable en Apple)	aucune version standard trouvée (7 résultats, 1 rejetés)	Italie
France Gall	Christiansen		1		aucun apple_music_id (titre injouable en Apple)	aucun résultat Apple	Yéyé — Années 60 françaises
France Gall	Laisse tomber les filles		1	50912874	artiste différent : « Fabienne Delsol » au lieu de « France Gall » (reprise ?)	aucune version standard trouvée (25 résultats, 1 rejetés)	Yéyé — Années 60 françaises
France Gall	Les Sucettes	1966	1		aucun apple_music_id (titre injouable en Apple)	aucune version standard trouvée (25 résultats, 4 rejetés)	Yéyé — Années 60 françaises
Fredericks Goldman Jones	À nos actes manqués	1990	2	1475909573	artiste différent : « Carole Fredericks, Jean-Jacques Goldman & Michael Jones » au lieu de « Fredericks Goldman Jones » (reprise ?)	aucune version standard trouvée (19 résultats, 6 rejetés)	Duos cultes, Variété FR — Années 90 — Mix
Fredericks Goldman Jones	Né en 17 à Leidenstadt	1991	1	1475909488	artiste différent : « Carole Fredericks, Jean-Jacques Goldman & Michael Jones » au lieu de « Fredericks Goldman Jones » (reprise ?)	aucune version standard trouvée (3 résultats, 0 rejetés)	Variété FR — Années 90 — Mix
Frozen	Let It Go		1	1477388275	artiste différent : « Idina Menzel » au lieu de « Frozen » (reprise ?)	aucune version standard trouvée (25 résultats, 7 rejetés)	Comédies musicales US
G-Squad	Une seule vie		1		aucun apple_music_id (titre injouable en Apple)	aucune version standard trouvée (25 résultats, 0 rejetés)	Boys Bands & Girl Bands
g.o.d	One Candle		1		aucun apple_music_id (titre injouable en Apple)	aucune version standard trouvée (25 résultats, 0 rejetés)	K-Pop
Garou, Daniel Lavoie, Patrick Fiori	Belle	1998	2	509229489	id introuvable au catalogue Apple	aucune version standard trouvée (1 résultats, 1 rejetés)	Variété FR — Années 90 — Facile, Variété FR — Années 90
Garth Brooks	Friends in Low Places	1990	1	1704862193	version suspecte : album « Garth Brooks Hits - A Tribute Album » (tribute)	aucune version standard trouvée (25 résultats, 12 rejetés)	Country
Garth Brooks	The Dance	1990	1	1704862194	version suspecte : album « Garth Brooks Hits - A Tribute Album » (tribute)	aucune version standard trouvée (25 résultats, 9 rejetés)	Country
Georgio	Sapés comme jamais? no		1		aucun apple_music_id (titre injouable en Apple)	aucune version standard trouvée (11 résultats, 0 rejetés)	Variété Française
Grease	Summer Nights		1	940375116	artiste différent : « The Summer Nights » au lieu de « Grease » (reprise ?)	aucune version standard trouvée (25 résultats, 2 rejetés)	Comédies musicales US
Grease	You're the One That I Want		1	1595923063	artiste différent : « The Sunlight Shakers » au lieu de « Grease » (reprise ?)	aucune version standard trouvée (25 résultats, 3 rejetés)	Comédies musicales US
Hairspray Cast	You Can't Stop the Beat	2007	1	1454446955	artiste différent : « Elijah Kelley, John Travolta, Queen Latifah, Nikki Blonsky, Zac Efron, Amanda Bynes & Motion Picture Cast of Hairspray » au lieu de « Hairspray Cast » (reprise ?)	aucune version standard trouvée (25 résultats, 1 rejetés)	Comédies musicales US
Hall & Oates	Maneater		1	1444818206	artiste différent : « Daryl Hall & John Oates » au lieu de « Hall & Oates » (reprise ?)	aucune version standard trouvée (25 résultats, 6 rejetés)	Pop
Harmonium	Pour un instant		1	1483507019	version suspecte : « XLV Remixed » (remix)	aucune version standard trouvée (11 résultats, 3 rejetés)	Québec & Franco
Harry J Allstars	Liquidator		1	1750027595	artiste différent : « Harry J All-Stars » au lieu de « Harry J Allstars » (reprise ?)	aucune version standard trouvée (25 résultats, 8 rejetés)	Reggae & Bob Marley
Hélène Rollès	Je m'appelle Hélène	1993	2	378801781	artiste différent : « Hélène » au lieu de « Hélène Rollès » (reprise ?)	seul candidat = l'id actuel, lui-même défectueux (artiste différent : « Hélène » au lieu de « Hélène Rollès » (reprise ?))	Variété FR — Années 90, Variété FR — Années 90 — Facile
Hélène Ségara	Bohémienne	1998	1	513913461	version suspecte : « Live » (live)	aucune version standard trouvée (3 résultats, 3 rejetés)	Comédies musicales françaises
Henri Dès	Plouf tizen		1		aucun apple_music_id (titre injouable en Apple)	aucun résultat Apple	Enfants — 4 à 8 ans
Hercules and Love Affair	Blind		1	693380068	artiste différent : « Hercules & Love Affair » au lieu de « Hercules and Love Affair » (reprise ?)	aucune version standard trouvée (25 résultats, 17 rejetés)	Années 2000
Heuss l'Enfoiré	Moooh		1		aucun apple_music_id (titre injouable en Apple)	aucun résultat Apple	Hip-Hop FR — Années 2020
Hipnosis	Droid		1	119216692	artiste différent : « Hypnosis » au lieu de « Hipnosis » (reprise ?)	aucune version standard trouvée (19 résultats, 9 rejetés)	Italo Disco Classics
Huey Lewis & The News	The Power of Love	1985	2	725785116	artiste différent : « Huey Lewis and the News » au lieu de « Huey Lewis & The News » (reprise ?)	aucune version standard trouvée (25 résultats, 3 rejetés)	Années 80, Années 80 — Moyen
In the Heights	96,000		1		aucun apple_music_id (titre injouable en Apple)	aucune version standard trouvée (7 résultats, 0 rejetés)	Comédies musicales US
Indochine	Cyborg	2014	1		aucun apple_music_id (titre injouable en Apple)	aucun résultat Apple	Variété FR 2010s — Mix
Jhay Cortez	No Me Conoce	2019	1	1650911393	artiste différent : « JHAYCO » au lieu de « Jhay Cortez » (reprise ?)	aucune version standard trouvée (25 résultats, 21 rejetés)	Latino
Joost Klein	Europapa	2024	1	1732041802	artiste différent : « Joost » au lieu de « Joost Klein » (reprise ?)	seul candidat = l'id actuel, lui-même défectueux (artiste différent : « Joost » au lieu de « Joost Klein » (reprise ?))	Eurovision — Vainqueurs cultes
Jungkook & Latto	Seven	2023	3	1697147758	artiste différent : « Jung Kook & Latto » au lieu de « Jungkook & Latto » (reprise ?)	aucune version standard trouvée (25 résultats, 9 rejetés)	Années 2020, Années 2020 — Mix, Années 2020 — Medium
Jungkook ft. Latto	Seven	2023	2	1697147758	artiste différent : « Jung Kook & Latto » au lieu de « Jungkook ft. Latto » (reprise ?)	aucune version standard trouvée (25 résultats, 9 rejetés)	Années 2020, Années 2020 — Hard
Justice vs Simian	We Are Your Friends	2003	1	1663629935	artiste différent : « Justice & Simian » au lieu de « Justice vs Simian » (reprise ?)	aucune version standard trouvée (17 résultats, 6 rejetés)	French Touch & Electro
Kaïn	Adéla		1		aucun apple_music_id (titre injouable en Apple)	aucune version standard trouvée (9 résultats, 0 rejetés)	Québec & Franco
Katrina & The Waves	Walking on Sunshine	1985	1	723501674	artiste différent : « Katrina and the Waves » au lieu de « Katrina & The Waves » (reprise ?)	aucune version standard trouvée (25 résultats, 1 rejetés)	Pubs cultes
Koriass	Petites Mains Précieuses		1		aucun apple_music_id (titre injouable en Apple)	aucun résultat Apple	Québec & Franco
Kygo ft. Parson James	Stole the Show	2015	1	1031388576	artiste différent : « Parson James » au lieu de « Kygo ft. Parson James » (reprise ?)	seul candidat = l'id actuel, lui-même défectueux (artiste différent : « Parson James » au lieu de « Kygo ft. Parson James » (reprise ?))	Electro & EDM
La Compagnie Créole	Maldón (La Démangeaison)	1985	2		aucun apple_music_id (titre injouable en Apple)	aucun résultat Apple	Variété FR — Années 80, Variété FR — Années 80 — Moyen
La La Land	City of Stars		1	1440864026	artiste différent : « Ryan Gosling » au lieu de « La La Land » (reprise ?)	aucune version standard trouvée (25 résultats, 5 rejetés)	Comédies musicales US
Le Roi Soleil (cast)	Tant qu'on rêve encore	2005	1	89600546	artiste différent : « Le Roi Soleil » au lieu de « Le Roi Soleil (cast) » (reprise ?)	seul candidat = l'id actuel, lui-même défectueux (artiste différent : « Le Roi Soleil » au lieu de « Le Roi Soleil (cast) » (reprise ?))	Comédies musicales françaises
Lefa	Toulon Marseille	2018	1		aucun apple_music_id (titre injouable en Apple)	aucun résultat Apple	Rap Français
Les Misérables	I Dreamed a Dream		1	337320508	artiste différent : « Susan Boyle » au lieu de « Les Misérables » (reprise ?)	aucune version standard trouvée (25 résultats, 6 rejetés)	Comédies musicales US
Les Worlds Apart	Baby on n'oublie pas		1		aucun apple_music_id (titre injouable en Apple)	aucune version standard trouvée (25 résultats, 2 rejetés)	Boys Bands & Girl Bands
Luis Fonsi feat. Daddy Yankee	Despacito	2017	1	1447401620	artiste différent : « Luis Fonsi & Daddy Yankee » au lieu de « Luis Fonsi feat. Daddy Yankee » (reprise ?)	aucune version standard trouvée (25 résultats, 20 rejetés)	Apéro & Afterwork
Luis Fonsi ft. Daddy Yankee	Despacito	2017	5	1447401620	artiste différent : « Luis Fonsi & Daddy Yankee » au lieu de « Luis Fonsi ft. Daddy Yankee » (reprise ?)	aucune version standard trouvée (25 résultats, 20 rejetés)	Anniversaire, Tubes de l'été — 2005 à 2019, Nouvel An — Party & Compte à rebours, Années 2010 — Mix, Été — Piscine & Apéro
Lujipeka	Trésor		1		aucun apple_music_id (titre injouable en Apple)	aucun résultat Apple	Hip-Hop FR — Années 2020
Luther	Néglige		1		aucun apple_music_id (titre injouable en Apple)	aucune version standard trouvée (4 résultats, 0 rejetés)	Hip-Hop FR — Années 2020
Maître Gims	Bella	2013	4	749321955	artiste différent : « GIMS » au lieu de « Maître Gims » (reprise ?)	seul candidat = l'id actuel, lui-même défectueux (artiste différent : « GIMS » au lieu de « Maître Gims » (reprise ?))	Variété Française, Variété FR 2010s — Easy, Rap FR culte, Variété FR — Années 2010
Marcel Mouloudji	Comme un p'tit coquelicot		1	465498559	artiste différent : « Mouloudji » au lieu de « Marcel Mouloudji » (reprise ?)	seul candidat = l'id actuel, lui-même défectueux (artiste différent : « Mouloudji » au lieu de « Marcel Mouloudji » (reprise ?))	Chanson Française Classique
Marie-Mai	CNJ		1		aucun apple_music_id (titre injouable en Apple)	aucun résultat Apple	Québec & Franco
Marie-Mai	Dégénération		1		aucun apple_music_id (titre injouable en Apple)	aucune version standard trouvée (25 résultats, 1 rejetés)	Québec & Franco
Maroon 5 ft. Megan Thee Stallion	Beautiful Mistakes	2021	3	1556706159	artiste différent : « Maroon 5 & Megan Thee Stallion » au lieu de « Maroon 5 ft. Megan Thee Stallion » (reprise ?)	aucune version standard trouvée (25 résultats, 0 rejetés)	Années 2020 — Hard, Années 2020, Années 2020 — Easy
Maroon 5 ft. SZA	What Lovers Do	2017	2	1444618664	artiste différent : « Maroon 5 » au lieu de « Maroon 5 ft. SZA » (reprise ?)	seul candidat = l'id actuel, lui-même défectueux (artiste différent : « Maroon 5 » au lieu de « Maroon 5 ft. SZA » (reprise ?))	Années 2010 — Facile, Années 2010
Martha and the Vandellas	Dancing in the Street	1964	1	1442267432	artiste différent : « Martha Reeves & The Vandellas » au lieu de « Martha and the Vandellas » (reprise ?)	aucune version standard trouvée (25 résultats, 1 rejetés)	Années 60 — Internationales
Max Coveri	Running Away		1	724665427	artiste différent : « Maze & Frankie Beverly » au lieu de « Max Coveri » (reprise ?)	aucune version standard trouvée (25 résultats, 2 rejetés)	Italo Disco Classics
Mickey 3D	Tu lui diras	2003	1		aucun apple_music_id (titre injouable en Apple)	aucune version standard trouvée (25 résultats, 3 rejetés)	Rock Français
Moulin Rouge!	Come What May		1	1675404092	artiste différent : « Nicole Kidman & Ewan McGregor » au lieu de « Moulin Rouge! » (reprise ?)	aucune version standard trouvée (25 résultats, 4 rejetés)	Comédies musicales US
Mozart Opéra Rock	Penser l'impossible	2010	1	312617289	artiste différent : « Maeva Méline, Solal & La Troupe de Mozart l'Opéra Rock » au lieu de « Mozart Opéra Rock » (reprise ?)	aucune version standard trouvée (25 résultats, 1 rejetés)	Comédies musicales françaises
Mozart Opéra Rock	Tatoue-moi	2010	2	393791494	artiste différent : « Mikelangelo Loconte » au lieu de « Mozart Opéra Rock » (reprise ?)	aucune version standard trouvée (7 résultats, 2 rejetés)	Variété FR — Années 2010, Variété FR 2010s — Medium
Mozart Opéra Rock	Vivre à en crever	2009	1	393791507	artiste différent : « Florent Mothe & Mikelangelo Loconte » au lieu de « Mozart Opéra Rock » (reprise ?)	aucune version standard trouvée (25 résultats, 7 rejetés)	Comédies musicales françaises
Mylène Farmer	Je t'aime mélancolie	1991	1	1443550014	version suspecte : « remix » (remix)	aucune version standard trouvée (24 résultats, 20 rejetés)	Variété FR — Années 90 — Mix
Mylène Farmer	Salomé	2008	2		aucun apple_music_id (titre injouable en Apple)	aucune version standard trouvée (5 résultats, 1 rejetés)	Variété FR — Années 2000 — Difficile, Variété FR — Années 2000
Natasha St-Pier & Pascal Obispo	Tu trouveras	2002	1	253538681	artiste différent : « Natasha St-Pier » au lieu de « Natasha St-Pier & Pascal Obispo » (reprise ?)	seul candidat = l'id actuel, lui-même défectueux (artiste différent : « Natasha St-Pier » au lieu de « Natasha St-Pier & Pascal Obispo » (reprise ?))	Duos cultes
Native	Tu planes sur moi	1993	2	1573221356	version suspecte : « Version masterisée 2021 » (version)	aucune version standard trouvée (14 résultats, 6 rejetés)	Variété FR — Années 90, Variété FR — Années 90 — Difficile
Nelly & Kelly Rowland	Dilemma	2002	1	158821282	artiste différent : « Nelly » au lieu de « Nelly & Kelly Rowland » (reprise ?)	seul candidat = l'id actuel, lui-même défectueux (artiste différent : « Nelly » au lieu de « Nelly & Kelly Rowland » (reprise ?))	Duos cultes
Nelly feat. Kelly Rowland	Dilemma	2002	1	158821282	artiste différent : « Nelly » au lieu de « Nelly feat. Kelly Rowland » (reprise ?)	seul candidat = l'id actuel, lui-même défectueux (artiste différent : « Nelly » au lieu de « Nelly feat. Kelly Rowland » (reprise ?))	Soul & R&B
Nelly ft. Kelly Rowland	Dilemma	2002	2	158821282	artiste différent : « Nelly » au lieu de « Nelly ft. Kelly Rowland » (reprise ?)	seul candidat = l'id actuel, lui-même défectueux (artiste différent : « Nelly » au lieu de « Nelly ft. Kelly Rowland » (reprise ?))	Années 2000 — Moyen, Années 2000
Nelly Furtado ft. Timbaland	Promiscuous	2006	1	1445011775	artiste différent : « Nelly Furtado » au lieu de « Nelly Furtado ft. Timbaland » (reprise ?)	seul candidat = l'id actuel, lui-même défectueux (artiste différent : « Nelly Furtado » au lieu de « Nelly Furtado ft. Timbaland » (reprise ?))	Tubes de l'été — 2005 à 2019
Niagara	Bain de minuit	1985	2		aucun apple_music_id (titre injouable en Apple)	aucun résultat Apple	Variété FR — Années 80, Variété FR — Années 80 — Difficile
Niagara	La belle inconnue	1986	1		aucun apple_music_id (titre injouable en Apple)	aucune version standard trouvée (1 résultats, 0 rejetés)	Variété FR — Années 80 — Mix
Nirvana	The Man Who Sold the World	1993	1	1545867152	version suspecte : « Rehearsal » (rehearsal)	aucune version standard trouvée (25 résultats, 15 rejetés)	Reprises célèbres
Niska	Cœur noir	2024	1		aucun apple_music_id (titre injouable en Apple)	aucune version standard trouvée (25 résultats, 0 rejetés)	Hip-Hop FR — Années 2020
OMD	Enola Gay	1980	2	714776989	artiste différent : « Orchestral Manoeuvres In the Dark » au lieu de « OMD » (reprise ?)	aucune version standard trouvée (25 résultats, 10 rejetés)	Années 80, Années 80 — Difficile
Para One	Dundun		1		aucun apple_music_id (titre injouable en Apple)	aucune version standard trouvée (25 résultats, 2 rejetés)	French Touch & Electro
Patrick Sébastien	Le Petit Bonhomme en mousse		1	1444166132	version suspecte : « live » (live)	aucune version standard trouvée (16 résultats, 10 rejetés)	Karaoké de Komptoir
Pink	Just Give Me a Reason		1	545728467	artiste différent : « P!nk » au lieu de « Pink » (reprise ?)	aucune version standard trouvée (25 résultats, 6 rejetés)	Pop Divas
Pink	Raise Your Glass		1	400494650	artiste différent : « P!nk » au lieu de « Pink » (reprise ?)	aucune version standard trouvée (25 résultats, 2 rejetés)	Pop Divas
Pink & Nate Ruess	Just Give Me a Reason		1	634457915	artiste différent : « Jason Chen & Megan Nicole » au lieu de « Pink & Nate Ruess » (reprise ?)	aucune version standard trouvée (25 résultats, 4 rejetés)	Duos cultes
Pinpin & Lili	Le loup, le renard et la belette		1		aucun apple_music_id (titre injouable en Apple)	aucun résultat Apple	Enfants — 4 à 8 ans
PLK	Au final		1		aucun apple_music_id (titre injouable en Apple)	aucune version standard trouvée (25 résultats, 0 rejetés)	Hip-Hop FR — Années 2020
Quevedo	Quédate		2		aucun apple_music_id (titre injouable en Apple)	aucune version standard trouvée (25 résultats, 3 rejetés)	Années 2020, Latino
Renaud	Encore une nuit	2002	2		aucun apple_music_id (titre injouable en Apple)	aucune version standard trouvée (25 résultats, 0 rejetés)	Variété FR — Années 2000, Variété FR — Années 2000 — Difficile
Ricchi e Poveri	Che sarà		1	998281784	artiste différent : « Ricchi & Poveri » au lieu de « Ricchi e Poveri » (reprise ?)	aucune version standard trouvée (25 résultats, 1 rejetés)	Italie classique
Ricchi e Poveri	Mamma Maria	1982	2	252058369	artiste différent : « Ricchi & Poveri » au lieu de « Ricchi e Poveri » (reprise ?)	aucune version standard trouvée (25 résultats, 2 rejetés)	Italie classique, Italie
Ricchi e Poveri	Sarà perché ti amo	1981	2	194668794	artiste différent : « Ricchi & Poveri » au lieu de « Ricchi e Poveri » (reprise ?)	aucune version standard trouvée (25 résultats, 3 rejetés)	Italie, Italie classique
Robin des Bois (cast)	À nous	2013	1		aucun apple_music_id (titre injouable en Apple)	aucune version standard trouvée (25 résultats, 0 rejetés)	Comédies musicales françaises
Roméo et Juliette	Aimer	2000	2	6784698747	artiste différent : « Gérard Presgurvic, Damien Sargue & Cécilia Cara » au lieu de « Roméo et Juliette » (reprise ?)	aucune version standard trouvée (25 résultats, 2 rejetés)	Variété FR — Années 2000, Variété FR — Années 2000 — Difficile
Roméo et Juliette	Les rois du monde	2000	2	6784697908	artiste différent : « Gérard Presgurvic, Damien Sargue, Philippe D'Avilla & Gregori Baquet » au lieu de « Roméo et Juliette » (reprise ?)	aucune version standard trouvée (25 résultats, 5 rejetés)	Variété FR — Années 2000, Variété FR — Années 2000 — Moyen
Roméo et Juliette (cast)	J'ai peur	2001	1	1546711080	artiste différent : « Juliette Katz » au lieu de « Roméo et Juliette (cast) » (reprise ?)	aucune version standard trouvée (25 résultats, 0 rejetés)	Comédies musicales françaises
Roméo et Juliette (cast)	Vérone	2001	1	6784697612	artiste différent : « Gérard Presgurvic & Frédéric Charter » au lieu de « Roméo et Juliette (cast) » (reprise ?)	aucune version standard trouvée (25 résultats, 5 rejetés)	Comédies musicales françaises
Run-D.M.C.	It's Tricky	1986	1	444480442	artiste différent : « Run-DMC » au lieu de « Run-D.M.C. » (reprise ?)	aucune version standard trouvée (25 résultats, 0 rejetés)	Rap US
Run-D.M.C.	Walk This Way	1986	2	270787343	artiste différent : « Run-DMC » au lieu de « Run-D.M.C. » (reprise ?)	aucune version standard trouvée (25 résultats, 1 rejetés)	Rap US, Reprises célèbres
S Club 7	Bring It All Back		1	1679423020	artiste différent : « S Club » au lieu de « S Club 7 » (reprise ?)	seul candidat = l'id actuel, lui-même défectueux (artiste différent : « S Club » au lieu de « S Club 7 » (reprise ?))	Boys Bands & Girl Bands
S Club 7	Don't Stop Movin'	2001	2	1469524346	artiste différent : « S Club » au lieu de « S Club 7 » (reprise ?)	seul candidat = l'id actuel, lui-même défectueux (artiste différent : « S Club » au lieu de « S Club 7 » (reprise ?))	Boys Bands & Girl Bands
S Club 7	Reach	2000	2	1440757665	artiste différent : « S Club » au lieu de « S Club 7 » (reprise ?)	seul candidat = l'id actuel, lui-même défectueux (artiste différent : « S Club » au lieu de « S Club 7 » (reprise ?))	Nouvel An — Party & Compte à rebours, Boys Bands & Girl Bands
Silva	Lugar Comum		1		aucun apple_music_id (titre injouable en Apple)	aucune version standard trouvée (25 résultats, 1 rejetés)	Brésil
Siouxsie and the Banshees	Cities in Dust	1985	2	1443842139	artiste différent : « Siouxsie & The Banshees » au lieu de « Siouxsie and the Banshees » (reprise ?)	aucune version standard trouvée (25 résultats, 8 rejetés)	Années 80, Halloween — Nuit Frissons
Siouxsie and the Banshees	Spellbound	1981	1	1440764575	artiste différent : « Siouxsie & The Banshees » au lieu de « Siouxsie and the Banshees » (reprise ?)	aucune version standard trouvée (25 résultats, 5 rejetés)	Halloween — Nuit Frissons
Skrillex & Diplo ft. Justin Bieber	Where Are Ü Now	2015	1	1035387848	artiste différent : « Pentatonix » au lieu de « Skrillex & Diplo ft. Justin Bieber » (reprise ?)	aucune version standard trouvée (25 résultats, 6 rejetés)	Electro & EDM
Skrillex and Diplo	Where Are Ü Now	2015	2	1035387848	artiste différent : « Pentatonix » au lieu de « Skrillex and Diplo » (reprise ?)	aucune version standard trouvée (25 résultats, 10 rejetés)	Années 2010, Années 2010 — Moyen
Sliimy	Tomber pour la France	2009	1		aucun apple_music_id (titre injouable en Apple)	aucune version standard trouvée (2 résultats, 1 rejetés)	Variété FR — Années 2000 — Mix
Steve Aoki	Pursuit of Happiness (remix)		1		aucun apple_music_id (titre injouable en Apple)	aucune version standard trouvée (25 résultats, 15 rejetés)	Electro & EDM
Stop	Spanish Boy		1		aucun apple_music_id (titre injouable en Apple)	aucune version standard trouvée (25 résultats, 0 rejetés)	Italo Disco Classics
Sweeney Todd	Not While I'm Around		1		aucun apple_music_id (titre injouable en Apple)	aucune version standard trouvée (25 résultats, 2 rejetés)	Comédies musicales US
Take That	Back for Good		2	1481098632	version suspecte : « Live » (live)	aucune version standard trouvée (25 résultats, 19 rejetés)	Pop, Boys Bands & Girl Bands
Tal	Pourtant	2013	2		aucun apple_music_id (titre injouable en Apple)	aucune version standard trouvée (25 résultats, 1 rejetés)	Variété FR — Années 2010, Variété FR 2010s — Medium
The Black Eyed Peas	Boom Boom Pow	2009	3	1446016727	artiste différent : « Black Eyed Peas » au lieu de « The Black Eyed Peas » (reprise ?)	seul candidat = l'id actuel, lui-même défectueux (artiste différent : « Black Eyed Peas » au lieu de « The Black Eyed Peas » (reprise ?))	Tubes de l'été — 2005 à 2019, Anniversaire, Rap US
The Black Eyed Peas	I Gotta Feeling	2009	11	1446016735	artiste différent : « Black Eyed Peas » au lieu de « The Black Eyed Peas » (reprise ?)	seul candidat = l'id actuel, lui-même défectueux (artiste différent : « Black Eyed Peas » au lieu de « The Black Eyed Peas » (reprise ?))	Nouvel An — Party & Compte à rebours, Karaoké — Soirée Classiques, Années 2000 — Facile, Années 2000, Années 2000 — Moyen, Rap US, Tubes de l'été, Années 2000 — Mix, Chants de stade, Anniversaire, Tubes de l'été — 2005 à 2019
The Black Eyed Peas	Where Is the Love?	2003	4	1615142635	artiste différent : « Black Eyed Peas » au lieu de « The Black Eyed Peas » (reprise ?)	seul candidat = l'id actuel, lui-même défectueux (artiste différent : « Black Eyed Peas » au lieu de « The Black Eyed Peas » (reprise ?))	Rap US, Années 2000 — Facile, Années 2000 — Moyen, Années 2000
The Book of Mormon	Hello		1		aucun apple_music_id (titre injouable en Apple)	aucune version standard trouvée (25 résultats, 1 rejetés)	Comédies musicales US
The Chainsmokers ft. Daya	Don't Let Me Down	2016	5	1118534159	artiste différent : « The Chainsmokers » au lieu de « The Chainsmokers ft. Daya » (reprise ?)	seul candidat = l'id actuel, lui-même défectueux (artiste différent : « The Chainsmokers » au lieu de « The Chainsmokers ft. Daya » (reprise ?))	Années 2010 — Mix, Années 2010 — Facile, Tubes de l'été — 2005 à 2019, Electro & EDM, Années 2010
The Four Tops	I Can't Help Myself (Sugar Pie Honey Bunch)		1	1475816838	artiste différent : « Four Tops » au lieu de « The Four Tops » (reprise ?)	seul candidat = l'id actuel, lui-même défectueux (artiste différent : « Four Tops » au lieu de « The Four Tops » (reprise ?))	Soul & R&B
The Four Tops	Reach Out I'll Be There		1	1475818105	artiste différent : « Four Tops » au lieu de « The Four Tops » (reprise ?)	seul candidat = l'id actuel, lui-même défectueux (artiste différent : « Four Tops » au lieu de « The Four Tops » (reprise ?))	Soul & R&B
The Fugees	Ready or Not		1	267384126	artiste différent : « Fugees » au lieu de « The Fugees » (reprise ?)	seul candidat = l'id actuel, lui-même défectueux (artiste différent : « Fugees » au lieu de « The Fugees » (reprise ?))	Le Sample
The Jackson 5	ABC	1970	3	1442885978	artiste différent : « Jackson 5 » au lieu de « The Jackson 5 » (reprise ?)	seul candidat = l'id actuel, lui-même défectueux (artiste différent : « Jackson 5 » au lieu de « The Jackson 5 » (reprise ?))	Années 70 — Mix, Années 70, Années 70 — Medium
The Jackson 5	I Want You Back	1969	3	1443222051	artiste différent : « Jackson 5 » au lieu de « The Jackson 5 » (reprise ?)	seul candidat = l'id actuel, lui-même défectueux (artiste différent : « Jackson 5 » au lieu de « The Jackson 5 » (reprise ?))	Années 70, Soul & R&B, Années 70 — Medium
The Lox	We Gonna Make It		1		aucun apple_music_id (titre injouable en Apple)	aucune version standard trouvée (25 résultats, 4 rejetés)	Rap US
The Pixies	Where Is My Mind?		1	1025318629	artiste différent : « Pixies » au lieu de « The Pixies » (reprise ?)	seul candidat = l'id actuel, lui-même défectueux (artiste différent : « Pixies » au lieu de « The Pixies » (reprise ?))	Rock
The Pretenders	I'll Stand by You	1994	1	118125081	artiste différent : « Pretenders » au lieu de « The Pretenders » (reprise ?)	seul candidat = l'id actuel, lui-même défectueux (artiste différent : « Pretenders » au lieu de « The Pretenders » (reprise ?))	Mariage — First Dance & Cérémonie
The Sound of Music	Do-Re-Mi		1		aucun apple_music_id (titre injouable en Apple)	aucune version standard trouvée (25 résultats, 6 rejetés)	Comédies musicales US
The Toadies	Possum Kingdom	1994	2	1443785206	artiste différent : « Toadies » au lieu de « The Toadies » (reprise ?)	seul candidat = l'id actuel, lui-même défectueux (artiste différent : « Toadies » au lieu de « The Toadies » (reprise ?))	Années 90, Années 90 — Moyen
Tiakola	Hasta Luego	2022	1		aucun apple_music_id (titre injouable en Apple)	aucune version standard trouvée (3 résultats, 0 rejetés)	Hip-Hop FR — Années 2020
Timbaland ft. OneRepublic	Apologize	2007	2	1440889785	artiste différent : « OneRepublic » au lieu de « Timbaland ft. OneRepublic » (reprise ?)	seul candidat = l'id actuel, lui-même défectueux (artiste différent : « OneRepublic » au lieu de « Timbaland ft. OneRepublic » (reprise ?))	Années 2000, Années 2000 — Moyen
Tom Petty and the Heartbreakers	Runnin' Down a Dream	1989	1	1440825631	artiste différent : « Tom Petty » au lieu de « Tom Petty and the Heartbreakers » (reprise ?)	seul candidat = l'id actuel, lui-même défectueux (artiste différent : « Tom Petty » au lieu de « Tom Petty and the Heartbreakers » (reprise ?))	Hard Rock 80s
Tommy James and the Shondells	Crimson and Clover	1968	2	690513775	artiste différent : « Tommy James & The Shondells » au lieu de « Tommy James and the Shondells » (reprise ?)	aucune version standard trouvée (25 résultats, 4 rejetés)	One-Hit Wonders, Années 60 — Internationales
Tryo	L'hymne de nos campagnes	1998	1	1209101668	version suspecte : « Live » (live)	aucune version standard trouvée (10 résultats, 6 rejetés)	Rock Français
Vald	Eurotruck	2022	1		aucun apple_music_id (titre injouable en Apple)	aucun résultat Apple	Hip-Hop FR — Années 2020
Vianney	Tcheu la chance	2018	2		aucun apple_music_id (titre injouable en Apple)	aucun résultat Apple	Variété FR Années 2010 — Hard, Variété FR — Années 2010
Victory	Don't Get Mad, Get Even		1		aucun apple_music_id (titre injouable en Apple)	aucune version standard trouvée (25 résultats, 0 rejetés)	Hard Rock 80s
Vitalic	Le frunkp	2005	1		aucun apple_music_id (titre injouable en Apple)	aucun résultat Apple	Variété FR — Années 2000 — Mix
Werenoi	Guerilla		2		aucun apple_music_id (titre injouable en Apple)	aucune version standard trouvée (1 résultats, 0 rejetés)	Rap FR culte, Hip-Hop FR — Années 2020
West Side Story	Maria		1		aucun apple_music_id (titre injouable en Apple)	aucune version standard trouvée (25 résultats, 1 rejetés)	Comédies musicales US
Wicked	For Good		1		aucun apple_music_id (titre injouable en Apple)	aucune version standard trouvée (25 résultats, 3 rejetés)	Comédies musicales US
Wild Dogs	Man Against Machine		1		aucun apple_music_id (titre injouable en Apple)	aucune version standard trouvée (25 résultats, 1 rejetés)	Hard Rock 80s
